Name,Discounted Price,Actual Price,Saving,Brand,Z_score
Apple MacBook Air 13 M1 MGN63 (8GB-256GB),203499.0,258000.0,21.12441860465116,apple,
Apple Macbook Air 13 MW123 M4 Chip,281999.0,350000.0,19.428857142857144,apple,-0.20475189712969502
ASUS Zenbook 14 UX3405CA Intel Core Ultra 7 255H (16GB-512GB SSD),285999.0,330000.0,13.333636363636364,asus,0.7071067811865476
Lenovo ThinkPad E16 Gen 2 - Intel Core Ultra 7 (16GB-512GB),287999.0,340000.0,15.294411764705881,lenovo,-0.565564828948227
Lenovo IdeaPad Slim 3 Ryzen 7 (8GB-512GB),146999.0,175000.0,16.000571428571426,lenovo,
HP 250 G10 Ci3 N305 (8GB-512GB SSD),115999.0,144999.0,20.000137931985737,hp,0.9584999547068837
Dell Latitude 3540 Ci5-1335U (8GB-256GB SSD) 15.6 FHD,169999.0,249999.0,32.000128000512,dell,1.7970900284012705
Dell Latitude 15 5540 15.6 Inches 13th Gen Core i7 DOS (8GB - 512GB),343999.0,415000.0,17.10867469879518,dell,1.5401942926088725
Dell Latitude 15 3540 15.6 Inches 13th Gen Core i7 DOS (8GB - 512GB),251999.0,320000.0,21.2503125,dell,0.26786303804689626
Lenovo IdeaPad Slim 3 Core i5 13th Gen,134999.0,174999.0,22.857273470134114,lenovo,-1.309311157283187
HP Probook 450 G10 Core i5 13th Gen 1335U,179999.0,200000.0,10.000499999999999,hp,-0.4430230500847908
Lenovo ThinkPad E16 G1 14 Inches 13th Gen Core i7 (8GB - 512GB),277999.0,300000.0,7.333666666666666,lenovo,-0.15092300836858116
Lenovo LOQ 15  Inches 13th Gen Core i7 (16GB - 512GB),324999.0,380000.0,14.473947368421053,lenovo,0.7707758797219642
HP 15s FQ2653TU 11th Gen  Core i7 (8GB-512GB),160999.0,180000.0,10.556111111111111,hp,-1.4974759528030643
HP OMEN 16-WD0073dx Ci7-13620H (16GB - 1TB) RTX-4060-8GB,365999.0,390000.0,6.154102564102564,hp,0.7807057474743535
HP Spectre 16-AA0013dx Ultra 7 155U (16GB 1TB) 16WQXGA,469999.0,520000.0,9.615576923076922,hp,1.5961723473835914
HP ProBook 460 G11 Notebook PC | Intel® Core™ Ultra 7 Processor 155U (8GB-512GB),251999.0,310000.0,18.709999999999997,hp,-0.632102439562163
HP OMEN 16-AP0167AX R9-8940HX (16GB - 512GB) RTX-5060-8GB,419999.0,499999.0,16.000032000064,hp,
Lenovo ThinkPad E14 Intel Core Ultra 5 (8GB-512GB),244999.0,295000.0,16.949491525423728,lenovo,1.1949012687068672
HP 15-FD0499NIA Ci5-1334U (8GB 512GB SSD),143999.0,180000.0,20.000555555555554,hp,-0.7725938080164735
HP Probook 440 G10 13th Gen Core i5-1335U,187999.0,250000.0,24.8004,hp,0.38090384474441574
HP Envy 16 H1010TX Gen 13th Core i7,411999.0,450000.0,8.444666666666667,hp,1.431614804696473
Dell Inspiron 14 7440 2 in 1 Intel Core 5 120U,181999.0,250000.0,27.200400000000002,dell,
HP Elitebook 640 G11 Ultra 5 125U,252999.0,280000.0,9.643214285714286,hp,0.9574271077563387
"HP Spectre 14-EU0000 Ultra 7 (32GB, 2TB SSD) OLED Plus HP PEN",519999.0,550000.0,5.454727272727273,hp,1.9144973169472705
Infinix INBOOK Air (XL442) Core i3 1215U (8GB - 256GB),119999.0,129999.0,7.692366864360495,infinix,0.7071067811865476
HP 15 FD0361TU Raptor Lake 13th Gen Core i5 1334u,151999.0,200000.0,24.0005,hp,-0.4430230500847908
HP Probook 450 G10 Raptor Lake 13th Gen Core i5 1334U 8GB-512GB SSD,179999.0,199999.0,10.00005000025,hp,-0.4430395286226874
Acer Nitro V15 13th Gen Core i7-13620H (16GB-512GB SSD),260999.0,289999.0,10.000034482877528,acer,-0.6828899362302037
DELL LATTITUDE 5550 14TH GEN Core Ultra 7 155U (8GB-512GB SSD),359999.0,379999.0,5.263171745188803,dell,0.7071067811865476
LENOVO THINKPAD E14 G4 13TH GEN Intel Core I7 1355U (8GB-512GB SSD),267999.0,280000.0,4.286071428571429,lenovo,
Lenovo legion 5 14th core i7 14650hx (16GB-1TB) DOS,431999.0,450000.0,4.000222222222223,lenovo,1.5772624068011913
Dell Latitude 3550 Raptor Lake 13th Gen Core i7 1355U (8GB-512GB SSD),249999.0,304999.0,18.032846009331177,dell,0.06695523647127305
HP OmniBook 14 FM0013DX Core Ultra 5 226V (16GB-512GB SSD),215999.0,270000.0,20.000370370370373,hp,-0.7071067811865476
LENOVO LOQ 15 CI7-14650HX,401999.0,449000.0,10.467928730512249,lenovo,
HP OmniBook X Flip 14-FM0023DX Core Ultra 7 256V (16GB-1TB SSD),259999.0,290000.0,10.345172413793104,hp,0.7071067811865476
ASUS TUF GAMING F15-FX507VU Ci7-13620H (16GB-512GB SSD) RTX 4050 6GB,319999.0,365000.0,12.32904109589041,asus,0.1906516231490044
Lenovo Legion Pro 7 Ultra 9-275HX (32GB-2TB SSD) RTX 5070Ti 12GB 240Hz,992999.0,1040000.0,4.519326923076923,lenovo,-0.10240840610986296
ASUS TUF F16 FX608JMR Ci7 14650HX (32GB-1TB SSD) RTX 5060 8GB,444999.0,475000.0,6.315999999999999,asus,1.2570081594061469
Lenovo ThinkBook 16 G7 Ryzen 5-7533HS (16GB-512GB SSD),167999.0,200000.0,16.000500000000002,lenovo,-0.3003987527960119
Lenovo Legion 5 16IAX10 Core Ultra 9-275HX (32GB-1TB SSD) RTX 5060 8GB,493999.0,550000.0,10.181999999999999,lenovo,-1.170979934939353
HP 15-FD0647TU Ci5-1334U (8GB-512GB SSD),145999.0,200000.0,27.0005,hp,-0.4430230500847908
HP OMNIBOOK ULTRA FLIP 14-FH0033DX ULTRA 9-288V (32GB-2TB SSD),504999.0,545000.0,7.339633027522936,hp,
HP Laptop EQ2180AU 15.6 Inches AMD Ryzen 5 (8GB RAM - 512GBSSD),194999.0,219999.0,11.363688016763712,hp,0.7984863838389571
Lenovo ThinkPad E15 G4 15.6 Inches 12th Gen Core i7 Backlit Keyboard DOS (8GB - 512GB),242999.0,299999.0,19.000063333544446,lenovo,-0.1509345296046823
HP Probook 450 G9 15.6 Inches 12th Gen Core i7 DOS (8GB - 512GB) Local,194999.0,299999.0,35.00011666705556,hp,-0.19566868684311262
HP Pavilion X360 14 EK1055TU 14 Inches 13th Gen Core i5 Win 11 Home (8GB - 512GB),199999.0,299999.0,33.333444444814816,hp,1.2048142610357258
HP Pavilion 15 EG3002TX 15.6 Inches 13th Gen Core i5 Win 11 (8GB - 512GB),258999.0,324999.0,20.30775479309167,hp,1.616777708450329
HP Envy 16 H1008TX 16 Inches 13th Gen Core i5 Win 11 (16GB - 512GB),409999.0,449999.0,8.888908642019205,hp,3.6765949455233455
Apple Macbook Pro MRX33 M3 Pro 14 (18GB-512GB) Black,554999.0,600000.0,7.500166666666666,apple,1.201000855884291
Apple MACBOOK AIR 13.6” M2 CHIP MLY43 8-512GB,354999.0,400000.0,11.250250000000001,apple,-0.7071067811865476
Lenovo ThinkBook16 - Ci5-1335U (8GB 512GB),161599.0,225000.0,28.17822222222222,lenovo,-0.18618971360490988
HP Spectre 14-EU0008NI Ultra 7 (16GB 1TB) Oled Plus HP PEN,464999.0,480000.0,3.125208333333333,hp,1.171739054632019
HP ProBook 440 G10 13th Gen Core i5 14 inches (8GB-512GB),187999.0,200000.0,6.000500000000001,hp,-0.4430230500847908
HP ENVY 14-ES1013DX 14th Gen Core 5 120U (8GB-512GB SSD) x360 Touch,169999.0,200000.0,15.0005,hp,
Lenovo ThinkPad E14 G5 13th Gen Core i7 1355U (8GB-512GB),285999.0,310000.0,7.742258064516129,lenovo,-0.03571064735726299
HP Spectre 2-in-1 X360 16-F2013DX 13th Gen Core i7,346999.0,380000.0,8.684473684210527,hp,0.6722209046040003
Dell Vostro 15 3530 13th Gen Core i5 1334u,142999.0,180000.0,20.55611111111111,dell,-0.6117716678811175
Lenovo ThinkPad E16 Gen 2 - Intel Core Ultra 5 (8GB-512GB),243999.0,275000.0,11.273090909090909,lenovo,0.624205562433177
Lenovo Thinkpad  T14 13th Gen Core I7 DOS,388999.0,400000.0,2.75025,lenovo,
HP Probook 440 G11 Ultra 7 155u,227999.0,275000.0,17.091272727272727,hp,-1.0034815707197888
Infinix INBOOK Y3H Plus (YL513H) Core i5 12450H (16GB - 512GB),159999.0,169999.0,5.8823875434561375,infinix,0.7071067811865476
HP VICTUS 15-FB3093DX  R7-7445HS (16GB 512GB) RTX-4050-6GB,244999.0,288999.0,15.224966176353552,hp,
HP OMNIBOOK 14 FP0023DX Core 7 150U (16GB-512GB),217999.0,255000.0,14.510196078431372,hp,
Lenovo IdeaPad Slim 5 Ultra 5 125H (16GB-512GB) DOS,199999.0,224999.0,11.11116049404664,lenovo,-0.802562238036362
Lenovo IdeaPad Slim 5 Ultra 7 155H (16GB-512GB) DOS,256999.0,280000.0,8.214642857142856,lenovo,-0.9611318885525143
Lenovo loq 15 13th Core i7 13650hx (24GB-512GB) DOS,324999.0,355000.0,8.450985915492957,lenovo,0.48274497719366877
HP Laptop 15-FD0532NIA Intel Core i3-1315U 13th Gen (4GB-256GB),110999.0,119000.0,6.723529411764706,hp,-0.9918997505058149
LENOVO LOQ 15 Ci7 13650HX,300999.0,349000.0,13.753868194842406,lenovo,0.4136175605868779
LENOVO LOQ 15 Core i7 14650HX,376999.0,424999.0,11.294144221515817,lenovo,1.2892199830367947
"HP 15S-FQ5000NIA Ci3-1215U (4GB, 256GB SSD)",101999.0,149000.0,31.544295302013424,hp,1.2586480073456776
Lenovo Legion 5 Ci7-14650HX (16GB-1TB SSD) RTX 4050 6GB,381999.0,429999.0,11.162816657713158,lenovo,1.3468261635424539
Lenovo Legion Pro 5 Ultra 9-275HX (32GB-1TB SSD) RTX 5070 8GB,696999.0,745000.0,6.443087248322148,lenovo,-0.745732081629658
ASUS TUF GAMING F15-FX507VV Ci7-13620H (16GB-512GB SSD) RTX 4060 8GB,359999.0,400000.0,10.00025,asus,0.5299468846853679
ASUS TUF GAMING A14 FA-401WU RYZEN AI 9 HX370 (32GB-1TB SSD) RTX 4050 6GB,501999.0,549000.0,8.56120218579235,asus,
ASUS EXPERTBOOK B3402FBA Ci5 1235U (8GB-512GB SSD),169999.0,230000.0,26.087391304347822,asus,1.9629931649271048
Asus ExpertBook B3402FVA Ci7 1355U (16GB-512GB SSD),209999.0,260000.0,19.231153846153845,asus,-0.827234161460086
Lenovo ThinkPad E16 G3 Ultra 7 255H (16GB-512GB SSD),293999.0,340000.0,13.52970588235294,lenovo,-0.565564828948227
Dell Alienware 16X Aurora AC16251 Ultra 9-275HX (16GB-1TB SSD) RTX 5070 8GB,645999.0,750000.0,13.866800000000001,dell,
HP 15 FD0647TU 13th Generation Ci5-1334U (8GB-512GB SSD),139999.0,170000.0,17.64764705882353,hp,-0.9373791869823147
HP OMNIBOOK X FLIP 16-AS0043DX ULTRA 9-288V (32GB-2TB SSD),403999.0,445000.0,9.213707865168539,hp,
Lenovo ThinkPad E14 G4 14 Inches 12th Gen Core i7 DOS (8GB - 512GB),230999.0,309999.0,25.483953174042494,lenovo,-0.03572216859336412
HP ProBook 450 G9 15.6 Inches 12th Gen Core i5 DOS (8GB - 512GB),199999.0,239999.0,16.666736111400464,hp,0.21610198724067783
HP ProBook 450 G9 15.6 Inches 12th Gen Core i5 Backlit Keyboard DOS,179999.0,210000.0,14.286190476190477,hp,-0.27823767111894954
HP ProBook 450 G9 15.6 Inches 12th Gen Core i7 DOS (8GB - 512GB) International,186999.0,259999.0,28.077031065504098,hp,-0.6296080583245255
Lenovo Thinkbook 15 G2 1135G7 15.6 Inches 11th Gen Core i5 DOS (8GB - 1TB),204999.0,219999.0,6.8182128100582275,lenovo,-0.29852207375440815
HP 15s FC0100AU 15.6 Inches AMD Ryzen 5 7520U Win 11 (8GB - 512GB),191999.0,234999.0,18.297950204043424,hp,1.135880427618698
Lenovo V15 G3-Ci5 12th (8GB 512GB SSD),132999.0,199999.0,33.5001675008375,lenovo,-0.7477616664338654
HP 250 G10 Raptor Lake 13th Gen Core i5 (8GB-512GB SSD),148999.0,185000.0,19.46,hp,-0.6902011185335528
HP Probook 450 G10 13th Gen Core i7 (8GB-512GB),214999.0,240000.0,10.417083333333334,hp,-0.846566895580945
Lenovo ThinkBook 16 Ci3-1305U (8GB-512GB SSD),127999.0,200000.0,36.0005,lenovo,0.8429279698158638
Lenovo ThinkbooK 14 13th Core i5,165488.0,200000.0,17.256,lenovo,-0.7477392044542315
Lenovo Thinkbook 14 14th Gen Core 7 8GB/512GB,225999.0,300000.0,24.667,lenovo,
Lenovo V15 G4 Core i5 13th Generation,145999.0,150000.0,2.6673333333333336,lenovo,-1.8708381861528747
HP EliteBook 640 G10 13th Gen Core i7 14 inches (16GB-512GB),247999.0,300000.0,17.333666666666666,hp,-0.19565783835882558
Lenovo Ideapad Slim 3 13th Gen Core i7 DOS(16GB-512GB),168999.0,200000.0,15.5005,lenovo,-1.3030466184817628
Lenovo ThinkPad E16 G1 14 Inches 13th Gen Core i5  (8GB - 512GB),237999.0,250000.0,4.8004,lenovo,0.3753597772444117
Lenovo ThinkPad E16 G1 15.6 Inches 13th Gen Core i5 (8GB - 512GB),237999.0,250000.0,4.8004,lenovo,0.3753597772444117
HP EliteBook 640 G10 13th Gen Core i5 14 inches (8GB-512GB),199999.0,230000.0,13.04391304347826,hp,0.0513330868127331
HP ENVY x360 14 ES1023dx 14th Gen Core 7 (16GB-512GB),233999.0,250000.0,6.4004,hp,
HP Laptop 15-fd0356nia  Core™ i5 DOS (8GB-512GB),141999.0,200000.0,29.000500000000002,hp,-0.4430230500847908
Lenovo Yoga 7 2 in 1 16 - Intel Core Ultra 7 (16GB-1TB),261999.0,370000.0,29.18945945945946,lenovo,-0.3677812991460834
Dell Latitude 3540 Ci5-1335U (8GB-256GB SSD),171999.0,200000.0,14.000499999999999,dell,0.07648436328572432
Dell Inspiron 14-7440 CORE7 150U,221999.0,290000.0,23.448620689655172,dell,
ASUS EXPERTBOOK B1503CVA Ci7 1355U (16GB-512GB SSD),181999.0,200000.0,9.0005,asus,-1.408883181236709
HP PROBOOK 440 G11 Ultra 5 125u,216999.0,235000.0,7.66,hp,-1.3926212476455824
Lenovo ThinkBook 16 Ultra 7 255H (8GB-512GB SSD),251999.0,280000.0,10.000357142857142,lenovo,-0.9611318885525143
HP OMEN 16-AE0073CL Ci7-14650HX (32GB - 1TB) RTX-4060-8GB,433999.0,460000.0,5.652391304347826,hp,1.540099647566826
ASUS ROG STRIX G614J 13TH CI7 13650HX (32GB-1TB SSD),378999.0,399999.0,5.250013125032813,asus,
Dell Latitude 5450 14th Gen Core Ultra 7 (8GB-512GB SSD),327999.0,369999.0,11.351382030762245,dell,-0.7071067811865476
DELL LATTITUDE 5550 14TH GEN Core Ultra 5 125U (8GB-512GB SSD),304999.0,340000.0,10.294411764705883,dell,0.7071067811865476
Lenovo IdeaPad Slim 5 2in1 Core i513420H (16GB-512GB) DOS,221999.0,250000.0,11.2004,lenovo,0.3753597772444117
HP 15S FC0298AU Notebook AMD Ryzen 5 7430U,133999.0,140500.0,4.627046263345195,hp,-0.9896795552574172
ASUS Zenbook 14 UX3405C Intel Core Ultra 9 285H (32GB-1TB SSD),389999.0,499999.0,22.000044000088,asus,-0.7071067811865476
HP OMNIBOOK  X Flip 16-AS0023DX Core Ultra 7 256V (16GB 1TB SSD),259999.0,290000.0,10.345172413793104,hp,-0.8443190859379491
LENOVO LEGION PRO 5 Ci9-14900HX (32GB-1TB SSD) RTX 4070 8GB,629999.0,699999.0,10.000014285734695,lenovo,0.7071067811865476
Lenovo Legion Pro 5 Ultra 7-255HX (32GB-1TB SSD) RTX 5060 8GB,622999.0,670000.0,7.0150746268656725,lenovo,1.6100539988753533
ASUS TUF GAMING F17 FX707VU Ci7-13620H (16GB-512GB SSD) RTX 4050 6GB,327999.0,375000.0,12.5336,asus,0.28759312644510826
ACER PREDATOR HELIOS 18 AI Core Ultra 9 275HX (64GB-1TB SSD) RTX 5080 16GB,995999.0,1050000.0,5.142952380952381,acer,1.0847519898840408
ASUS ROG STRIX G16 G615JMR Ci7 14650HX (16GB-1TB SSD) RTX 5060 8GB,449999.0,570000.0,21.05280701754386,asus,2.1779524407191335
Asus Expertbook B1403CVA Ci7 13620H (16GB-1TB SSD),194999.0,245000.0,20.408571428571427,asus,-0.9726464164042418
Lenovo ThinkPad E14 G8 U5-225H (8GB-512GB SSD),244999.0,300000.0,18.333666666666666,lenovo,
Lenovo ThinkPad T14 G6 Ultra 7 225U (16GB-512GB SSD),414999.0,485000.0,14.433195876288659,lenovo,0.39038889842880065
Acer Predator Helios Neo 16 AI PHN16-73-97SP Gaming Notebook (16GB-1TB SSD),502999.0,599999.0,16.16669361115602,acer,
ASUS TUF F16 FX608LM Ultra 9-275HX (32GB-1TB SSD) RTX 5060 8GB,549999.0,600000.0,8.3335,asus,0.7071067811865476
Asus VivoBook 15 x1504VA Ci5 1335U (8GB-512GB SSD),149999.0,200000.0,25.0005,asus,0.13538514105712457
Lenovo Legion 5 Ci9-14900HX (32GB-1TB SSD) RTX 5070 8GB,599999.0,650000.0,7.692461538461538,lenovo,-0.7071067811865476
HP Victus 15-FA2787NR Core i7-13620H Gaming Laptop (16GB-512GB SSD) RTX 5060 8GB,351999.0,380000.0,7.368684210526316,hp,0.6722209046040003
HP Victus 15-FA2209TX Ci7 14650HX (16GB-512GB SSD) RTX-4050-6GB,337999.0,390000.0,13.333589743589744,hp,0.7807057474743535
Apple Macbook Air 13 MW0W3 M4,286999.0,299999.0,4.333347777825926,apple,-0.7631976374319899
Lenovo Thinkbook 15 G2 15.6 Inches 11th Gen Core i7 DOS (8GB - 256GB),176999.0,249999.0,29.200116800467203,lenovo,-0.7269963346612731
Lenovo Thinkbook 15 G2 15.6 Inches 11th Gen Core i7 DOS (8GB - 1TB),202999.0,254999.0,20.392236832301304,lenovo,-0.669390154155614
Lenovo ThinkPad X1 Carbon G12 Ultra 7 (32GB-512GB SSD),549999.0,609999.0,9.836081698494588,lenovo,1.214480346486739
HP Pavilion 15 EG3020TX 15.6 Inches 13th Gen Core i7 Win 11 (16GB - 512GB),339999.0,369999.0,8.108130021973032,hp,0.56372521324936
HP VICTUS 15-FA2093DX Ci7-13620H (16GB-1TB SSD) RTX 5060 8GB,357999.0,539999.0,33.703766118085404,hp,2.407967542045365
Lenovo Ideapad Slim 3 13th Gen Core i3 DOS,101999.0,129999.0,21.538627220209385,lenovo,-1.123899276899367
ASUS EXPERTBOOK B1503CVA Ci5-1334U (16GB -512GB SSD),153999.0,200000.0,23.0005,asus,0.13538514105712457
ASUS TUF FX507VV-Ci7-13620H (16GB 1TB) RTX 4060 8GB,356999.0,400000.0,10.75025,asus,0.5299468846853679
Lenovo Thinkbook 16 14th Core 7 (8GB-512GB SSD),229999.0,350000.0,34.286,lenovo,
Lenovo ThinkPad E16 G1 15.6 Inches 13th Gen Core i7 (16GB - 512GB),254999.0,300000.0,15.000333333333332,lenovo,-0.15092300836858116
Lenovo ThinkPad E14 G5 13th Gen Core i5 1335u (8GB-512GB),243999.0,290000.0,15.862413793103446,lenovo,1.2738389626033262
HP ProBook 460 G11 | Intel® Core™ Ultra 5 (16GB-512GB),197999.0,250000.0,20.8004,hp,-0.609271795844942
HP 15-FD0336TU Ci5-1334U (8GB-512GB SSD),144999.0,190000.0,23.684736842105263,hp,-0.6078084290506321
Dell Vostro 15 3530 Laptop Core™ i7-1355U (16GB-512GB),172999.0,240000.0,27.91708333333333,dell,-0.8035738079000311
Lenovo ThinkBook16 Ultra 5 225U (16GB-512GB SSD),212999.0,230000.0,7.391739130434782,lenovo,-0.6598597766826257
Lenovo Ideapad 5 13th Gen Core I7 DOS,198999.0,250000.0,20.400399999999998,lenovo,
Lenovo Thinkbook 15G2 11th Gen Core I7 D0S,181999.0,200000.0,9.0005,lenovo,
HP Probook 450 G9 12th Gen Core i7 DOS,186999.0,250000.0,25.200400000000002,hp,-0.7380820527105917
HP Probook 440 G10 13th Gen Core i7 DOS,221999.0,280000.0,20.714642857142856,hp,-0.412627524099532
Dell Inspiron 15 3530 13th Gen Core i5 1334u,143999.0,200000.0,28.0005,dell,0.07648436328572432
LENOVO LOQ 15 15IRX9 Core i5 13th Gen,261999.0,275000.0,4.727636363636364,lenovo,0.9369092680937333
Apple MacBook Air MRXW3 M3 Chip,352999.0,400000.0,11.75025,apple,-0.6788233014578039
Infinix GTBOOK 13th Generation Core i9 13900H 1TB-32GB,422500.0,442999.0,4.627324215178815,infinix,
Dell Inspiron 16 5640 Intel Core 7-150U (16GB-1TB SSD),235999.0,264999.0,10.943437522405745,dell,
Lenovo Thinkbook 14 G7 14th Gen Core Ultra 5 125U (8GB DDR5 512GB SSD),195999.0,199999.0,2.00001000005,lenovo,-1.5159318708784746
Lenovo Thinkbook 14 G7 14TH GEN Core Ultra 7 155H (8GB-512GB SSD),235999.0,239999.0,1.6666736111400464,lenovo,-1.224849854406366
Lenovo Thinkbook 16 G7 14TH GEN Core Ultra 5 125U (8GB-512GB SSD),199999.0,250000.0,20.0004,lenovo,-0.08916407040893566
Lenovo ThinkPad E14 G6 Intel Core Ultra 5 125U (8GB-512GB SSD),242999.0,250000.0,2.8004000000000002,lenovo,-0.08916407040893566
Acer Nitro V15 13th Gen Core i9 13900H (16GB-512GB SSD),312999.0,325000.0,3.6926153846153844,acer,-0.900039312936857
Apple Macbook Pro M3 A2918 (8GB-512GB SSD),494999.0,600000.0,17.500166666666665,apple,1.201000855884291
Lenovo IdeaPad Slim 3 Ryzen 3 7320U DOS (8GB-256GB SSD),99999.0,114999.0,13.043591683405943,lenovo,
Lenovo IdeaPad Slim 5 Core i7 13620H DOS (16GB-512GB SSD),209999.0,229999.0,8.695689981260788,lenovo,-0.9574210566839094
ASUS ExpertBook B1502CV 13th Gen Core i5 1355U (8GB-512GB SSD),151999.0,179999.0,15.555641975788753,asus,-1.0830811284569912
Lenovo Yoga 9 Intel Core Ultra 7 (16GB-1TB SSD),396999.0,449999.0,11.777803950675446,lenovo,0.15963485420863965
Lenovo Legion Pro 7 Ultra 9 275HX (64GB-2TB SSD) RTX 5080 16GB 240Hz,1451999.0,1499900.0,3.1936129075271684,lenovo,0.900522300234387
Lenovo Legion Pro 7 Ultra 9 275HX (64GB-2TB SSD) RTX 5090 24GB 240Hz,1552999.0,1599900.0,2.931495718482405,lenovo,1.118598122444487
HP Victus 15-FB3093DX AMD Ryzen 7-7445H (16GB-512GB SSD) RTX 4050 6GB,247999.0,285000.0,12.982807017543859,hp,1.222041483008128
HP Victus 16-R0042NE Ci7-13700H (16GB-1TB SSD) RTX™ 4060 8GB,327999.0,375000.0,12.5336,hp,0.6179784831688236
Dell 15 DC15250 Ci5-1334U (8GB-512GB SSD),147999.0,200000.0,26.0005,dell,0.07648436328572432
Apple MacBook Air MC6T4 M4 Chip,286999.0,299999.0,4.333347777825926,apple,-0.7631976374319899
Lenovo LOQ 15 Ryzen 5 7235HS (12GB-512GB SSD) RTX 4050 6GB,226999.0,255000.0,10.98078431372549,lenovo,1.115766796099474
Lenovo V15 G3 15. 6 Inches 12th Gen Core i3 DOS (4GB - 256GB SSD),125499.0,149999.0,16.333442222948154,lenovo,-0.5619566627323606
Lenovo ThinkPad E14 G4 14 Inches 12th Gen Core i5 DOS (8GB - 512GB),229999.0,260000.0,11.538846153846153,lenovo,0.5999795735841403
Lenovo V15 G3 15.6 Inches 12th Gen Core i7 DOS (8GB - 512GB),181999.0,249999.0,27.200108800435203,lenovo,-0.7269963346612731
Lenovo V15 G3 15.6 Inches 12th Gen Core i5 DOS (4GB - 256GB),179999.0,199999.0,10.00005000025,lenovo,-0.7477616664338654
HP ProBook 440 G10 Core i7 (8GB-512GB NVMe SSD),220999.0,260000.0,15.000384615384615,hp,-0.6295972098402385
Apple Macbook Pro MRX33 M3 Pro 14.2 (18GB-512GB),544999.0,600000.0,9.166833333333333,apple,1.201000855884291
Apple MacBook Pro 14.2” MTL83 (8GB-1TB),494999.0,515000.0,3.8836893203883496,apple,
Apple Macbook Pro 14 MTL73 (8GB-512GB),452999.0,500000.0,9.4002,apple,
HP 250 G10 Raptor Lake 13th Gen Core i7 (8GB-512GB),187999.0,209999.0,10.476240363049348,hp,-1.1720322726762917
HP Pavilion x360 14 EK1056TU  Core i7 (16GB-1TB),261999.0,330000.0,20.606363636363636,hp,0.12979669025223411
Lenovo V15 G4 Core i3 13th Gen,110999.0,200000.0,44.500499999999995,lenovo,0.8429279698158638
LENOVO THINBOOK 16 13TH CI5 8GB/256GB 16INCH,166000.0,200000.0,17.0,lenovo,
Lenovo V15 G4 Core i7 13th Gen (8GB-512GB),184999.0,250000.0,26.000400000000003,lenovo,-0.726984813425172
HP 250 G10 13th Gen Core i3 DOS,107499.0,120000.0,10.4175,hp,-0.9168814919107652
HP VICTUS 15-FA2701WM Ci5-13420H (16GB -512GB) RTX-4050-6GB,234999.0,300000.0,21.667,hp,1.2048307395736222
HP ProBook 460 G11 Ultra 7 155U,229999.0,300000.0,23.333666666666666,hp,-0.7382107627500561
HP ProBook 460 G11 Intel Core Ultra 5 125U (8GB-512GB),194999.0,280000.0,30.357499999999998,hp,0.9574271077563387
HP EliteBook 640 G11 14 Ultra 7 155U (8GB-512GB),293999.0,370000.0,20.54081081081081,hp,0.004547499565195329
HP Elitebook 660 G11 U7 | Intel® Core™ Ultra 7 155U (8GB-512GB),302999.0,370000.0,18.10837837837838,hp,0.004547499565195329
LENOVO LEGION PRO 5 Ci7-14650HX (16GB-1TB) RTX-4060-8GB,469999.0,495000.0,5.0507070707070705,lenovo,2.095718031352123
HP 250 G9 12th Gen Core i7 DOS,174999.0,200000.0,12.5005,hp,-1.280506267062358
HP 15-FD0229NIA Ci7-1355U (8GB-512GB SSD) 15.6 FHD,177999.0,200000.0,11.0005,hp,-1.280506267062358
HP Elitebook 650 G10 13th Gen Core I5 1335U,242999.0,300000.0,19.000333333333334,hp,
ASUS EXPERTBOOK B1403CVA Ci7-1355U (16GB -512GB SSD),181999.0,230000.0,20.87,asus,-1.1180586713483975
HP Elitebook 660 G11 Ultra 5 125U,252999.0,275000.0,8.000363636363636,hp,0.6963106238227919
Apple MacBook Air MXCV3 M3 8-Core Chip,412999.0,450000.0,8.222444444444445,apple,-0.20886726212228016
Acer Nitro V15 - Ci5-13420H (16GB-512GB) RTX 4050 6GB,247999.0,275000.0,9.818545454545454,acer,
Acer Nitro V15 13th Gen Core i9 13900H (16GB-512GB SSD) RTX 4060 8GB Graphics,354999.0,474999.0,25.263211080444382,acer,-0.27210734242337836
Acer Nitro V16 14th Gen Core i7 14650HX (16GB-512GB SSD),349999.0,415999.0,15.86542275342008,acer,1.1478232920094336
Dell Latitude 5440 13TH GEN CORE i7 1355U (8GB-512GB SSD),344999.0,370000.0,6.757027027027027,dell,0.9375110667637259
LENOVO THINKPAD E14 G6 14TH Intel Core Ultra 7 155H (16GB-512GB SSD),283999.0,299999.0,5.333351111170371,lenovo,-0.8292827948020787
LENOVO THINKPAD T14 14TH GEN Intel Core Ultra 7 155U (16GB-512GB SSD),400999.0,420000.0,4.524047619047619,lenovo,-0.03814208280917726
LENOVO THINKPAD T14 14TH GEN Intel Core Ultra 7 155U (32GB-512GB SSD),430999.0,450000.0,4.222444444444444,lenovo,0.1596414469929664
HP OMNIBOOK 14 FP0013DX Core 5 120U (8GB-512GB),167999.0,220000.0,23.63681818181818,hp,
Lenovo loq 15 13th Core i5 13450hx (24GB-512GB) DOS,266999.0,285000.0,6.316140350877193,lenovo,1.161529064433462
Apple MacBook Air 15 MW1K3 M4 Chip,450999.0,460000.0,1.9567391304347825,apple,1.0238041604142027
Dell Latitude 3550 Raptor Lake 13th Gen Core i5 1335U (8GB-512GB SSD),184999.0,219999.0,15.909163223469196,dell,0.7647059816510078
LENOVO LOQ 15 Ci5 13450HX,261999.0,310000.0,15.484193548387095,lenovo,1.7230785552827834
HP OmniBook Ultra Flip 14-FH0030CA Core Ultra 7 256V (16GB 1TB SSD),416999.0,450000.0,7.333555555555556,hp,0.8534140850683398
Lenovo ThinkPad X1 Carbon G13 Ultra 7 256V (32GB-512GB SSD),659999.0,726000.0,9.091046831955923,lenovo,1.979249921172688
HP VICTUS 15-FA2013DX Ci5-13420H (8GB 512GB SSD) RTX 3050 6GB,195999.0,249900.0,21.569027611044415,hp,0.3792559909547573
HP VICTUS 15-FA2701WM Ci5-13420H (16GB-512GB SSD) RTX 4050 6GB,233999.0,275999.0,15.217446440023332,hp,0.8093293515177066
ACER PREDATOR HELIOS 16 AI Core Ultra 9 275HX (32GB-1TB SSD) RTX 5070Ti 12GB,684999.0,724000.0,5.3868784530386735,acer,-0.19961537828374584
ASUS EXPERTBOOK B1403CVA Ci5 1334U (16GB-512GB SSD),153999.0,200000.0,23.0005,asus,0.13538514105712457
Lenovo ThinkPad E14 G8 U7-255H (16GB-512GB SSD),289999.0,350000.0,17.143142857142855,lenovo,
Lenovo ThinkPad E16 G3 Ultra 5 225U (8GB-512GB SSD),224999.0,300000.0,25.000333333333337,lenovo,1.3375751952752897
Dell Alienware Aurora 16 Core 7 240H (16GB-512GB SSD) RTX 5050 8GB,349999.0,400000.0,12.50025,dell,
Dell Latitude 3550 Ultra 5-125U (8GB-512GB SSD),197999.0,250000.0,20.8004,dell,-0.7071067811865476
Asus VivoBook 16 M1605YA Ryzen 7-7730U (8GB-512GB SSD),179999.0,215000.0,16.27953488372093,asus,
Dell Alienware 16 Aurora Core 7-240H (32GB-1TB SSD) RTX 5060 8GB,440999.0,480000.0,8.125208333333333,dell,
HP OmniBook 5 16-AF1067ST Ultra 7-255U (16GB-1TB SSD),239999.0,280000.0,14.286071428571429,hp,-0.9504274091258422
HP Victus 15-FA2317TX Ci7-13620H (16GB-512GB SSD) RTX 4050 6GB,301999.0,350000.0,13.714571428571428,hp,0.3467663759929406
Apple Macbook Air 13 MW0Y3 M4,286999.0,299999.0,4.333347777825926,apple,-0.7631976374319899
Dell Inspiron 3515 15.6 inches AMD Ryzen 5 3450U (8GB - 256GB),134499.0,145000.0,7.242068965517241,dell,
Infinix INBook X2 1065G7 14 Inches Core i7 (8GB RAM - 512GB SSD),119999.0,169999.0,29.41193771728069,infinix,
Apple MacBook Pro A2289 13 Inches Core i5 (8GB-512GB),242999.0,380000.0,36.052894736842106,apple,
HP 15s FQ5098TU 15.6 Inches 12th Gen Core i5 Win 11 (8GB - 512GB),145999.0,174999.0,16.571523265847233,hp,-0.8550029760372907
Dell Inspiron 3520 Core i7 12th Gen (8GB-512GBSSD),187499.0,230000.0,18.47869565217391,dell,-0.937503413643397
Apple MacBook Air 15.3 M2 MQKX3 (8GB-512GB),406999.0,420000.0,3.0954761904761905,apple,0.7071067811865476
HP 15 FD0336nia 13th Gen Core i3 (4GB-256GB),107999.0,125000.0,13.6008,hp,-0.5417901989355164
Lenovo IdeaPad 5 Core i7 12th Gen (16GB-512GB),205999.0,238000.0,13.445798319327732,lenovo,-0.8652396466387537
HP VICTUS 16-R0003NIA Ci7-13700H (32GB -1TB SSD) RTX 4060 8GB,349999.0,400000.0,12.50025,hp,0.8891905903447067
ASUS ExpertBook B1 502CB 12th Ci5 235U,147999.0,170000.0,12.941764705882353,asus,-1.6922228828128556
Apple MacBook Air 15 Inches With M3 Chip (MRYV3),399999.0,449999.0,11.111135802524005,apple,-0.20887666124306686
Dell Vostro 3530 Ci3-1305U (8GB-512GB SSD),111999.0,143000.0,21.67902097902098,dell,0.7259163613392463
Apple Macbook Air 15 MC7C4 M4 Chip,489999.0,499999.0,2.000004000008,apple,1.4705406490114605
Acer Nitro V15 13th Gen Core i7-13620H (16GB-512GB SSD) RTX 4060 8GB Graphics,295999.0,305000.0,2.9511475409836065,acer,-0.4649333557792291
Acer Nitro V16 AMD RYZEN 7 8845HS (16GB-512GB SSD),300999.0,330000.0,8.788181818181819,acer,
HP OmniBook 5 16-AF1095CL Core Ultra 9 285H (32GB 1TB),346999.0,370000.0,6.216486486486486,hp,
HP EliteBook 840 G11 Ultra 7-155U vPro (16GB-512GB SSD),344999.0,380000.0,9.210789473684212,hp,0.1106558227530884
Dell 15 DC15250 Core 3-100U (8GB-512GB SSD),147999.0,165000.0,10.303636363636363,dell,
HP Pavilion 15 EH2033au 15.6 Inches AMD Ryzen 7 5825U Win 11 (16GB - 1TB),200999.0,249999.0,19.6000784003136,hp,0.08144444840789233
HP Pavilion 15 EH2032au 15.6 Inches AMD Ryzen 5 5625U Win 11 (16GB - 512GB),156999.0,199999.0,21.500107500537503,hp,0.3486276587993027
HP 15s FD0107TU 15.6 Inches 13th Gen Core i5 1335u Win 11 (8GB - 512GB),159999.0,219999.0,27.27285124023291,hp,-0.11346877069100479
"HP 15-DY5131WM Laptop 12thGen Core i3 (8GB RAM, 256GB SSD)",109999.0,135000.0,18.51925925925926,hp,0.20839238701498114
HP Envy 14-ES0013DX 13th Gen Core i5-1335U (8GB DDR4-512GB SSD),169999.0,220000.0,22.72772727272727,hp,-0.1134522921531082
Dell Vostro 3520 12th Gen Core i3 15.6 inches (8GB-512GB),100999.0,125000.0,19.2008,dell,-1.1406368271907878
HP 15 FD0240TU 13th Gen Core i5 1334u (8GB-512GB),150999.0,185000.0,18.37891891891892,hp,-0.6902011185335528
HP Envy 16 AC0013DX Ultra 5 125U,210999.0,250000.0,15.6004,hp,-0.609271795844942
ASUS ZenBook 14 Q415MA Core Ultra 5 125H,191999.0,250000.0,23.2004,asus,
Dell Inspiron 16 5640 Core i5-1334U (16GB-512GB SSD),197999.0,209999.0,5.7143129252996445,dell,0.4205779660675869
LENOVO LOQ 15 Ci5 12450HX,241999.0,279999.0,13.571477040989432,lenovo,1.0491967042839636
Infinix INBook X2 1035G1 14 Inches Core i5 (8GB RAM - 512GB SSD),110999.0,159999.0,30.625191407446295,infinix,-0.7071067811865476
HP 15s FQ5096TU 15.6 Inches 12th Gen Core i3 Win 11 (4GB - 256GB),128999.0,152000.0,15.132236842105263,hp,1.483702783130827
HP 15S-FQ5317TU Laptop 12th Gen Core i5 (8GB-512GB),150999.0,180000.0,16.111666666666665,hp,-0.7725938080164735
HP 15S-FQ5299NIA Laptop 12th Gen Core i7 (8GB-512GB SSD),177999.0,220000.0,19.09136363636364,hp,-1.0635365813216513
HP 15s EQ2174AU AMD Ryzen 5 5500U (8GB 512GB),115999.0,126000.0,7.9373015873015875,hp,-1.3158271309111667
Dell Vostro 3520 12th Gen Core i5 15.6 inches (8GB-512GB),129599.0,150000.0,13.600666666666667,dell,-1.6441557146313803
HP Victus 15-FA0212TX Gaming Laptop 12th Gen Core i7-12650H (16GB-512GB),285999.0,320000.0,10.6253125,hp,0.021311847381880893
HP 15S-EQ2315AU Laptop AMD Ryzen 7-5700U 8GB-512GB,151999.0,210000.0,27.61952380952381,hp,-1.2220251892303133
HP VICTUS 15-FB2082WM R5-8645HS (8GB-512GB SSD) RTX-4050-6GB,231999.0,292000.0,20.548287671232877,hp,
HP Spectre x360 14-EF2051TU 13th Gen 1355U,401999.0,425000.0,5.412,hp,
Acer Predator Helios Neo PH16-72-903U Intel Core i9-14900HX (32GB-1TB SSD),480999.0,499999.0,3.8000076000151997,acer,-0.16745131629762441
HP Victus 15-FB2146AX R7-8845HS (16GB-512GB SSD) RTX 4060 8GB,296999.0,335000.0,11.343582089552239,hp,
HP DU3572TU 15.6 Inches Core i5 11thGen (8GB RAM - 512GBSSD),176499.0,200000.0,11.7505,hp,-0.4430230500847908
Infinix INBook Y1 Plus Laptop Core i3 (8GB-256GB SSD) International,85999.0,111999.0,23.21449298654452,infinix,-0.7071067811865476
HP Laptop 15S FQ5276NIA i3 12th Gen (4GB-256GB),107999.0,125000.0,13.6008,hp,-0.5417901989355164
DELL Vostro 15 3520 Laptop 12th Gen Core i3,101999.0,139999.0,27.143051021793013,dell,0.41472046585154454
HP 15S-FQ5340TU Core i3 12th Gen (8GB-256GB),106999.0,120000.0,10.834166666666667,hp,-0.9168814919107652
HP 15-FB1000CA Ryzen 5 15.6 inches (16GB-1TB),206999.0,220000.0,5.909545454545455,hp,0.7985088767752091
HP 15s EQ2174AU 15.6 Inches Ryzen 5 (8GB-512GB),116999.0,150000.0,22.000666666666664,hp,-0.7759966608635814
HP Envy 16-H1053DX 13th Gen Core i7-13700H (16GB-1TB),360999.0,400000.0,9.750250000000001,hp,0.8891905903447067
HP Envy x360 2 in 1 14 FC0023DX Core Ultra 7 Laptop,230999.0,300000.0,23.000333333333334,hp,-0.7382107627500561
Asus Zenbook 14 Q425MA Core Ultra 7 155H,265999.0,300000.0,11.333666666666668,asus,-0.7071067811865476
Apple MacBook Air 15 Inches With M3 Chip (MXD43),395999.0,449999.0,12.000026666725926,apple,-0.20887666124306686
Acer Predator Helios Neo PHN14-51-97X1 Intel Core Ultra 9-185H (32GB-1TB SSD),430999.0,550000.0,21.636545454545455,acer,-0.8851366116002946
Lenovo IdeaPad Slim 5 Core i5 13420H DOS (16GB-512GB SSD),176999.0,199999.0,11.500057500287502,lenovo,-0.7477616664338654
HP 15s FQ5099TU 15.6 Inches 12th Gen Core i7 Win 11 (8GB - 512GB),173999.0,199999.0,13.000065000325002,hp,-1.2805171155466448
Lenovo Ideapad 5 15.6 Inches 11th Gen Core i5 DOS (8GB - 512GB),144599.0,174999.0,17.37152783730193,lenovo,-1.309311157283187
Lenovo Ideapad 3 15.6 Inches 11th Gen Core i7 DOS (8GB - 1TB),155999.0,184999.0,15.675760409515727,lenovo,-1.4758766812348412
HP 250 G9 15.6 Inches 12th Gen core i5 DOS (8GB - 512GB),152999.0,189999.0,19.473786704140547,hp,-0.6078249075885287
DELL Vostro 15 3520 Laptop 12th Gen Core i5,134999.0,170000.0,20.588823529411766,dell,-0.9558996834645385
ASUS Expertbook B1402CVA 13th Gen Core i7 (16GB-512GB),156999.0,200000.0,21.5005,asus,-1.408883181236709
Apple MACBOOK AIR 13” M3 CHIP MRXV3 8-256,288999.0,400000.0,27.750249999999998,apple,-0.6788233014578039
HP Pavilion 15 EH3050au - AMD Ryzen 7 7730U Octa Core (16GB-1TB),198499.0,245000.0,18.98,hp,-0.08146074218570726
HP Envy 2 in 1 16 AC0023dx Intel Core Ultra 7 155U Processor (16GB-1tb),251999.0,299000.0,15.719397993311038,hp,-0.7488215950688454
HP 15s FD0110TU - Raptor Lake - 13th Gen Core i7 (16GB-512GB),222999.0,270000.0,17.407777777777778,hp,-0.5211123669698853
Lenovo ThinkPad E14 Gen 4 Ryzen 5 DOS,141999.0,180000.0,21.111666666666668,lenovo,-0.8153680433034614
Apple MacBook Air MRXN3 M3 8-Core Chip,288999.0,300000.0,3.6670000000000003,apple,-1.6187353801288513
Dell Inspiron 15 3530 13th Gen Core i7 1355U (16GB-512GB SSD),189999.0,219999.0,13.636425620116455,dell,-1.0714464123473373
Dell Inspiron 3535 AMD Ryzen 7-7730U (16GB-512GB SSD),134499.0,142999.0,5.944097511171407,dell,
Acer Predator Helios Neo PH16-72-99PA Intel Core i9-14900HX (32GB-1TB SSD),430999.0,449999.0,4.222231604959123,acer,-0.3767633685491323
Acer Predator Helios Neo PH16-72-97T1 Intel Core i9-14900HX (32GB-1TB SSD),781999.0,950000.0,17.684315789473683,acer,1.7163613402069915
ASUS ROG Zephyrus G14 GA403UM Ryzen 9-270 (16GB-1TB SSD) RTX 5060 8GB,499999.0,550000.0,9.09109090909091,asus,
Lenovo ThinkPad E15 15.6 Inches AMD Ryzen 7 (08GB RAM - 512GB SSD),145500.0,175000.0,16.857142857142858,lenovo,
ASUS Expertbook B3402FB 12th gen Core i7 (16GB-512GB),225000.0,365000.0,38.35616438356164,asus,0.1906516231490044
ASUS TUF FX507ZC4-HN096 12th Gen Core i5 (16GB-512GB),260000.0,200000.0,-30.0,asus,0.13538514105712457
Lenovo Thinkpad E15 15.6 Inches Core i5 (8GB RAM - 512GB HDD),153000.0,237500.0,35.578947368421055,lenovo,0.09458503181975092
ASUS Expertbook B1402CBA 12th Gen Core i5 (8GB-512GB),155000.0,200000.0,22.5,asus,0.13538514105712457
ASUS TUF FX507ZC4-HN153 12th Gen Core i7 (16GB-512GB),300000.0,365000.0,17.80821917808219,asus,0.1906516231490044
ASUS TUF FX507ZV4-LP349 12th Gen Core i7 (16GB-512GB),345000.0,365000.0,5.47945205479452,asus,0.1906516231490044
Infinix GT BOOK Core i9 13900H (32GB - 1TB),442999.0,442999.0,0.0,infinix,
ASUS Expertbook B1500CBA 12th Gen Core i7 (16GB-512GB),205000.0,365000.0,43.83561643835616,asus,0.1906516231490044
ASUS TUF FX507ZC4-HN129 12th Gen Core i5 (8GB-512GB),255000.0,200000.0,-27.500000000000004,asus,0.13538514105712457
Asus ROG Zephyrus G15 GA503QR 15.6 Inches Ryzen 9 5900HS Octa-Core (16GB RAM - 1TB SSD),399900.0,550000.0,27.290909090909093,asus,
